target,model,n_obs,metrics_match,mae,rmse,medae,smape,wape,r2
net_income,baseline_last_value,124,True,1015389314.516129,2838621693.2693887,173311500.0,66.2018416153787,74.08934134226294,-0.197716105008928
net_income,baseline_seasonal,124,True,1225144177.419355,3404576639.4997163,242160500.0,72.06765788118925,89.39440651644426,-0.7229198885672825
net_income,hist_gradient_boosting,124,True,1029528483.0146939,2440860926.8898616,407757503.7014951,86.17631939570497,75.12102610219675,0.11442586196535243
net_income,random_forest,124,True,858136714.1538851,2372088944.292797,224076902.93602237,66.99887324081641,62.615179246368946,0.16362548071995253
net_income,ridge,124,True,1396731330.3692884,3127594115.141484,637506981.7877989,115.53162165700934,101.91450985327408,-0.4539840054263198
revenue,baseline_last_value,74,True,3913980918.918919,8301945924.439979,579330000.0,31.967750409744994,23.68321015025162,0.8534555765844422
revenue,baseline_seasonal,74,True,6037160216.216216,12300196437.38187,1392186000.0,43.46051128929404,36.5304116380004,0.6783129407048921
revenue,hist_gradient_boosting,74,True,8145752818.786286,13308300820.485971,4575648679.358272,90.65519059233924,49.28935011073226,0.623422199748924
revenue,random_forest,74,True,3837082721.5994105,8802035563.059221,1040354567.0817987,55.09558999878384,23.21790482428788,0.8352688486364177
revenue,ridge,74,True,6540124774.394117,12896006060.734518,2287983323.5698814,82.01704828512987,39.573813120076565,0.6463937332333195
net_interest_income,baseline_last_value,50,True,446943200.0,802640625.0950172,190000000.0,19.741317395339802,13.457866517119024,0.7429022716906319
net_interest_income,baseline_seasonal,50,True,726422140.0,1069866747.9167581,393346500.0,28.071163893752484,21.87323175562342,0.5432113087107107
net_interest_income,hist_gradient_boosting,50,True,883228724.5522386,1067466921.1948537,699176835.9306483,32.20812908968481,26.594820726905148,0.5452582631503216
net_interest_income,random_forest,50,True,692672630.7096997,928527179.0673643,535667526.7607124,24.66654291832507,20.85700331530454,0.6559312691709478
net_interest_income,ridge,50,True,922890463.0346985,1402813263.6162326,460056654.5841644,36.438731580489446,27.789071768947693,0.21466366502410605
