ticker,sector,period_index,period_end,cutoff_at,fundamental_available_at,market_available_at,macro_available_at,net_income_lag1,net_income_lag4,return_60d,fx_eurpln,target_net_income
PKO,bank,0,2021-03-28,2021-05-22T00:00:00+00:00,2021-05-21T00:00:00+00:00,2021-05-22T00:00:00+00:00,2021-05-17T00:00:00+00:00,,,-0.08399841062404956,4.362567679370969,964.4740612883355
PKO,bank,1,2021-06-28,2021-08-22T00:00:00+00:00,2021-08-21T00:00:00+00:00,2021-08-22T00:00:00+00:00,2021-08-17T00:00:00+00:00,964.4740612883355,,-0.17510351886538367,4.054673073970652,1062.1268240285826
PKO,bank,2,2021-09-28,2021-11-22T00:00:00+00:00,2021-11-21T00:00:00+00:00,2021-11-22T00:00:00+00:00,2021-11-17T00:00:00+00:00,1062.1268240285826,,-0.011624259234358222,4.247479826374357,964.4324191504461
PKO,bank,3,2021-12-28,2022-02-21T00:00:00+00:00,2022-02-20T00:00:00+00:00,2022-02-21T00:00:00+00:00,2022-02-16T00:00:00+00:00,964.4324191504461,,0.10793979748628287,4.366668790314343,1087.3204134402552
PKO,bank,4,2022-03-28,2022-05-22T00:00:00+00:00,2022-05-21T00:00:00+00:00,2022-05-22T00:00:00+00:00,2022-05-17T00:00:00+00:00,1087.3204134402552,964.4740612883355,0.13272412069680328,4.320126401337807,1029.1364581341577
PKO,bank,5,2022-06-28,2022-08-22T00:00:00+00:00,2022-08-21T00:00:00+00:00,2022-08-22T00:00:00+00:00,2022-08-17T00:00:00+00:00,1029.1364581341577,1062.1268240285826,0.05687507840824989,4.1061676098756505,1056.433608013046
PKO,bank,6,2022-09-28,2022-11-22T00:00:00+00:00,2022-11-21T00:00:00+00:00,2022-11-22T00:00:00+00:00,2022-11-17T00:00:00+00:00,1056.433608013046,964.4324191504461,0.01500740890137471,4.222270645468211,1073.8063893120957
PKO,bank,7,2022-12-28,2023-02-21T00:00:00+00:00,2023-02-20T00:00:00+00:00,2023-02-21T00:00:00+00:00,2023-02-16T00:00:00+00:00,1073.8063893120957,1087.3204134402552,0.14225413386740302,4.22682057768968,1180.6158466408128
PKO,bank,8,2023-03-28,2023-05-22T00:00:00+00:00,2023-05-21T00:00:00+00:00,2023-05-22T00:00:00+00:00,2023-05-17T00:00:00+00:00,1180.6158466408128,1029.1364581341577,-0.015213355048822961,4.329846377833002,1081.6544284472525
PKO,bank,9,2023-06-28,2023-08-22T00:00:00+00:00,2023-08-21T00:00:00+00:00,2023-08-22T00:00:00+00:00,2023-08-17T00:00:00+00:00,1081.6544284472525,1056.433608013046,0.061273261159598844,4.314623150451182,1194.4085930572937
PKO,bank,10,2023-09-28,2023-11-22T00:00:00+00:00,2023-11-21T00:00:00+00:00,2023-11-22T00:00:00+00:00,2023-11-17T00:00:00+00:00,1194.4085930572937,1073.8063893120957,-0.020641501638461558,4.17316359063927,1207.528261041347
PKO,bank,11,2023-12-28,2024-02-21T00:00:00+00:00,2024-02-20T00:00:00+00:00,2024-02-21T00:00:00+00:00,2024-02-16T00:00:00+00:00,1207.528261041347,1180.6158466408128,0.08159794225754957,4.4193458439081335,1259.4257954082257
PKO,bank,12,2024-03-28,2024-05-22T00:00:00+00:00,2024-05-21T00:00:00+00:00,2024-05-22T00:00:00+00:00,2024-05-17T00:00:00+00:00,1259.4257954082257,1081.6544284472525,-0.0640156476962528,4.126327817646314,1172.5874957613935
PKO,bank,13,2024-06-28,2024-08-22T00:00:00+00:00,2024-08-21T00:00:00+00:00,2024-08-22T00:00:00+00:00,2024-08-17T00:00:00+00:00,1172.5874957613935,1194.4085930572937,0.09432541712034423,4.331473140245779,1287.7531574216732
PKO,bank,14,2024-09-28,2024-11-22T00:00:00+00:00,2024-11-21T00:00:00+00:00,2024-11-22T00:00:00+00:00,2024-11-17T00:00:00+00:00,1287.7531574216732,1207.528261041347,0.043216132306671984,4.267502871371109,1147.908288903787
PKO,bank,15,2024-12-28,2025-02-21T00:00:00+00:00,2025-02-20T00:00:00+00:00,2025-02-21T00:00:00+00:00,2025-02-16T00:00:00+00:00,1147.908288903787,1259.4257954082257,0.107142877794819,4.283539332316202,1393.5877083446283
PKN,energy,0,2021-03-28,2021-05-22T00:00:00+00:00,2021-05-21T00:00:00+00:00,2021-05-22T00:00:00+00:00,2021-05-17T00:00:00+00:00,,,0.026757906948889146,4.293367909803497,1447.5239494150326
PKN,energy,1,2021-06-28,2021-08-22T00:00:00+00:00,2021-08-21T00:00:00+00:00,2021-08-22T00:00:00+00:00,2021-08-17T00:00:00+00:00,1447.5239494150326,,-0.12571558198556665,4.202049317546405,1543.590175808698
PKN,energy,2,2021-09-28,2021-11-22T00:00:00+00:00,2021-11-21T00:00:00+00:00,2021-11-22T00:00:00+00:00,2021-11-17T00:00:00+00:00,1543.590175808698,,-0.0438877848243342,4.208728662315997,1379.3939141995043
PKN,energy,3,2021-12-28,2022-02-21T00:00:00+00:00,2022-02-20T00:00:00+00:00,2022-02-21T00:00:00+00:00,2022-02-16T00:00:00+00:00,1379.3939141995043,,-0.06658311156932432,4.3952417531887225,1766.725891786408
PKN,energy,4,2022-03-28,2022-05-22T00:00:00+00:00,2022-05-21T00:00:00+00:00,2022-05-22T00:00:00+00:00,2022-05-17T00:00:00+00:00,1766.725891786408,1447.5239494150326,-0.013488502998577487,4.274412959765751,1394.1991159868937
PKN,energy,5,2022-06-28,2022-08-22T00:00:00+00:00,2022-08-21T00:00:00+00:00,2022-08-22T00:00:00+00:00,2022-08-17T00:00:00+00:00,1394.1991159868937,1543.590175808698,0.09112265797928551,4.3690020852799885,1658.0355631951497
PKN,energy,6,2022-09-28,2022-11-22T00:00:00+00:00,2022-11-21T00:00:00+00:00,2022-11-22T00:00:00+00:00,2022-11-17T00:00:00+00:00,1658.0355631951497,1379.3939141995043,-0.02623517926645672,4.378696382188573,1496.5492449426094
PKN,energy,7,2022-12-28,2023-02-21T00:00:00+00:00,2023-02-20T00:00:00+00:00,2023-02-21T00:00:00+00:00,2023-02-16T00:00:00+00:00,1496.5492449426094,1766.725891786408,-0.1075686323337922,4.080006917899478,1774.1286972582875
PKN,energy,8,2023-03-28,2023-05-22T00:00:00+00:00,2023-05-21T00:00:00+00:00,2023-05-22T00:00:00+00:00,2023-05-17T00:00:00+00:00,1774.1286972582875,1394.1991159868937,0.0697160744053764,4.271363860410585,1559.6383399798872
PKN,energy,9,2023-06-28,2023-08-22T00:00:00+00:00,2023-08-21T00:00:00+00:00,2023-08-22T00:00:00+00:00,2023-08-17T00:00:00+00:00,1559.6383399798872,1658.0355631951497,-0.022725264633653427,4.2737809536615075,1782.9339747847437
PKN,energy,10,2023-09-28,2023-11-22T00:00:00+00:00,2023-11-21T00:00:00+00:00,2023-11-22T00:00:00+00:00,2023-11-17T00:00:00+00:00,1782.9339747847437,1496.5492449426094,-0.010934653972023842,4.318516285633612,1673.3913275777136
PKN,energy,11,2023-12-28,2024-02-21T00:00:00+00:00,2024-02-20T00:00:00+00:00,2024-02-21T00:00:00+00:00,2024-02-16T00:00:00+00:00,1673.3913275777136,1774.1286972582875,-0.016305384656507178,4.19273931590025,1866.6251841253347
PKN,energy,12,2024-03-28,2024-05-22T00:00:00+00:00,2024-05-21T00:00:00+00:00,2024-05-22T00:00:00+00:00,2024-05-17T00:00:00+00:00,1866.6251841253347,1559.6383399798872,0.06869724807855819,4.179589648969592,1652.2912248087673
PKN,energy,13,2024-06-28,2024-08-22T00:00:00+00:00,2024-08-21T00:00:00+00:00,2024-08-22T00:00:00+00:00,2024-08-17T00:00:00+00:00,1652.2912248087673,1782.9339747847437,0.0680746658905909,4.316979676404491,1853.0745883109382
PKN,energy,14,2024-09-28,2024-11-22T00:00:00+00:00,2024-11-21T00:00:00+00:00,2024-11-22T00:00:00+00:00,2024-11-17T00:00:00+00:00,1853.0745883109382,1673.3913275777136,0.010151451549057638,4.186505253193377,1784.816957628095
PKN,energy,15,2024-12-28,2025-02-21T00:00:00+00:00,2025-02-20T00:00:00+00:00,2025-02-21T00:00:00+00:00,2025-02-16T00:00:00+00:00,1784.816957628095,1866.6251841253347,-0.148733443395803,4.032933129136537,2032.8197252365524
KGH,materials,0,2021-03-28,2021-05-22T00:00:00+00:00,2021-05-21T00:00:00+00:00,2021-05-22T00:00:00+00:00,2021-05-17T00:00:00+00:00,,,-0.07972468276014817,4.309966134008516,653.705513567596
KGH,materials,1,2021-06-28,2021-08-22T00:00:00+00:00,2021-08-21T00:00:00+00:00,2021-08-22T00:00:00+00:00,2021-08-17T00:00:00+00:00,653.705513567596,,-0.017816255403938972,4.44488424466791,718.008233062398
KGH,materials,2,2021-09-28,2021-11-22T00:00:00+00:00,2021-11-21T00:00:00+00:00,2021-11-22T00:00:00+00:00,2021-11-17T00:00:00+00:00,718.008233062398,,0.09375155684670866,4.1099573479985185,693.6907610128501
KGH,materials,3,2021-12-28,2022-02-21T00:00:00+00:00,2022-02-20T00:00:00+00:00,2022-02-21T00:00:00+00:00,2022-02-16T00:00:00+00:00,693.6907610128501,,-0.07500220549105813,4.199145038614915,823.8496854746331
KGH,materials,4,2022-03-28,2022-05-22T00:00:00+00:00,2022-05-21T00:00:00+00:00,2022-05-22T00:00:00+00:00,2022-05-17T00:00:00+00:00,823.8496854746331,653.705513567596,-0.1527320423192349,4.3151635465318785,785.4107848110089
KGH,materials,5,2022-06-28,2022-08-22T00:00:00+00:00,2022-08-21T00:00:00+00:00,2022-08-22T00:00:00+00:00,2022-08-17T00:00:00+00:00,785.4107848110089,718.008233062398,-0.03941499556967944,4.033091321841732,816.8207460816299
KGH,materials,6,2022-09-28,2022-11-22T00:00:00+00:00,2022-11-21T00:00:00+00:00,2022-11-22T00:00:00+00:00,2022-11-17T00:00:00+00:00,816.8207460816299,693.6907610128501,-0.03294927090638024,4.284901431703205,763.0045327699854
KGH,materials,7,2022-12-28,2023-02-21T00:00:00+00:00,2023-02-20T00:00:00+00:00,2023-02-21T00:00:00+00:00,2023-02-16T00:00:00+00:00,763.0045327699854,823.8496854746331,0.18017788913209154,4.214096655879047,894.5248250933207
KGH,materials,8,2023-03-28,2023-05-22T00:00:00+00:00,2023-05-21T00:00:00+00:00,2023-05-22T00:00:00+00:00,2023-05-17T00:00:00+00:00,894.5248250933207,785.4107848110089,0.03792756349563162,4.282999502595764,776.1775877582347
KGH,materials,9,2023-06-28,2023-08-22T00:00:00+00:00,2023-08-21T00:00:00+00:00,2023-08-22T00:00:00+00:00,2023-08-17T00:00:00+00:00,776.1775877582347,816.8207460816299,0.10351112459145786,4.303530658872426,914.8715651334153
KGH,materials,10,2023-09-28,2023-11-22T00:00:00+00:00,2023-11-21T00:00:00+00:00,2023-11-22T00:00:00+00:00,2023-11-17T00:00:00+00:00,914.8715651334153,763.0045327699854,-0.0988763054322851,4.154037270087538,866.0156011926846
KGH,materials,11,2023-12-28,2024-02-21T00:00:00+00:00,2024-02-20T00:00:00+00:00,2024-02-21T00:00:00+00:00,2024-02-16T00:00:00+00:00,866.0156011926846,894.5248250933207,-0.0189809803155768,4.0434970778665535,924.0498420508068
KGH,materials,12,2024-03-28,2024-05-22T00:00:00+00:00,2024-05-21T00:00:00+00:00,2024-05-22T00:00:00+00:00,2024-05-17T00:00:00+00:00,924.0498420508068,776.1775877582347,-0.00222226970987734,4.029379055824601,890.2302831385042
KGH,materials,13,2024-06-28,2024-08-22T00:00:00+00:00,2024-08-21T00:00:00+00:00,2024-08-22T00:00:00+00:00,2024-08-17T00:00:00+00:00,890.2302831385042,914.8715651334153,0.05135138474501953,4.375718985184157,890.5547321577361
KGH,materials,14,2024-09-28,2024-11-22T00:00:00+00:00,2024-11-21T00:00:00+00:00,2024-11-22T00:00:00+00:00,2024-11-17T00:00:00+00:00,890.5547321577361,866.0156011926846,0.311386246600733,4.312161414991399,939.0055812092126
KGH,materials,15,2024-12-28,2025-02-21T00:00:00+00:00,2025-02-20T00:00:00+00:00,2025-02-21T00:00:00+00:00,2025-02-16T00:00:00+00:00,939.0055812092126,924.0498420508068,-0.19320462807313094,4.290156719351575,984.5661657988849
CDR,technology,0,2021-03-28,2021-05-22T00:00:00+00:00,2021-05-21T00:00:00+00:00,2021-05-22T00:00:00+00:00,2021-05-17T00:00:00+00:00,,,-0.021535726017968538,4.158185480141029,239.83823630862094
CDR,technology,1,2021-06-28,2021-08-22T00:00:00+00:00,2021-08-21T00:00:00+00:00,2021-08-22T00:00:00+00:00,2021-08-17T00:00:00+00:00,239.83823630862094,,0.12659802307876436,4.2735572851168016,265.9901139197952
CDR,technology,2,2021-09-28,2021-11-22T00:00:00+00:00,2021-11-21T00:00:00+00:00,2021-11-22T00:00:00+00:00,2021-11-17T00:00:00+00:00,265.9901139197952,,-0.08356537528258116,3.9987975582943465,250.21706453701643
CDR,technology,3,2021-12-28,2022-02-21T00:00:00+00:00,2022-02-20T00:00:00+00:00,2022-02-21T00:00:00+00:00,2022-02-16T00:00:00+00:00,250.21706453701643,,0.01462174491816795,4.515189487036983,290.7211511365834
CDR,technology,4,2022-03-28,2022-05-22T00:00:00+00:00,2022-05-21T00:00:00+00:00,2022-05-22T00:00:00+00:00,2022-05-17T00:00:00+00:00,290.7211511365834,239.83823630862094,0.11827395110230576,4.175105660219127,271.62843151841105
CDR,technology,5,2022-06-28,2022-08-22T00:00:00+00:00,2022-08-21T00:00:00+00:00,2022-08-22T00:00:00+00:00,2022-08-17T00:00:00+00:00,271.62843151841105,265.9901139197952,-0.0765116762232372,4.141216090319637,273.9382029197872
CDR,technology,6,2022-09-28,2022-11-22T00:00:00+00:00,2022-11-21T00:00:00+00:00,2022-11-22T00:00:00+00:00,2022-11-17T00:00:00+00:00,273.9382029197872,250.21706453701643,-0.06213866792243862,4.375773380560451,298.2058716554396
CDR,technology,7,2022-12-28,2023-02-21T00:00:00+00:00,2023-02-20T00:00:00+00:00,2023-02-21T00:00:00+00:00,2023-02-16T00:00:00+00:00,298.2058716554396,290.7211511365834,0.11315730128742442,4.307742644915879,307.91341027391223
CDR,technology,8,2023-03-28,2023-05-22T00:00:00+00:00,2023-05-21T00:00:00+00:00,2023-05-22T00:00:00+00:00,2023-05-17T00:00:00+00:00,307.91341027391223,271.62843151841105,0.015923747386456598,4.1517818456855915,288.0420262792739
CDR,technology,9,2023-06-28,2023-08-22T00:00:00+00:00,2023-08-21T00:00:00+00:00,2023-08-22T00:00:00+00:00,2023-08-17T00:00:00+00:00,288.0420262792739,273.9382029197872,-0.025498348034078005,4.066159135434913,315.325902518526
CDR,technology,10,2023-09-28,2023-11-22T00:00:00+00:00,2023-11-21T00:00:00+00:00,2023-11-22T00:00:00+00:00,2023-11-17T00:00:00+00:00,315.325902518526,298.2058716554396,0.03725879177221195,4.486863688461566,275.02578032100473
CDR,technology,11,2023-12-28,2024-02-21T00:00:00+00:00,2024-02-20T00:00:00+00:00,2024-02-21T00:00:00+00:00,2024-02-16T00:00:00+00:00,275.02578032100473,307.91341027391223,0.008136167389011743,4.292873920940381,343.59989516966795
CDR,technology,12,2024-03-28,2024-05-22T00:00:00+00:00,2024-05-21T00:00:00+00:00,2024-05-22T00:00:00+00:00,2024-05-17T00:00:00+00:00,343.59989516966795,288.0420262792739,0.041938250136385635,4.18836091537494,326.3250217713353
CDR,technology,13,2024-06-28,2024-08-22T00:00:00+00:00,2024-08-21T00:00:00+00:00,2024-08-22T00:00:00+00:00,2024-08-17T00:00:00+00:00,326.3250217713353,315.325902518526,0.06287564384616136,4.4803633987993985,344.5786088757486
CDR,technology,14,2024-09-28,2024-11-22T00:00:00+00:00,2024-11-21T00:00:00+00:00,2024-11-22T00:00:00+00:00,2024-11-17T00:00:00+00:00,344.5786088757486,275.02578032100473,-0.10244690317205003,4.04477612011315,312.69043046527383
CDR,technology,15,2024-12-28,2025-02-21T00:00:00+00:00,2025-02-20T00:00:00+00:00,2025-02-21T00:00:00+00:00,2025-02-16T00:00:00+00:00,312.69043046527383,343.59989516966795,0.19236657207832972,4.22307211800761,384.6365991528906
